user_id,name,email,city,join_date,kyc_status
U0001,User_U0001,u0001@email.com,Mumbai,2021-11-01,VERIFIED
U0002,User_U0002,u0002@email.com,Chennai,2022-10-23,VERIFIED
U0003,User_U0003,u0003@email.com,Chennai,2021-12-27,REJECTED
U0004,User_U0004,u0004@email.com,Ahmedabad,2021-01-14,REJECTED
U0005,User_U0005,u0005@email.com,Jaipur,2022-03-12,VERIFIED
U0006,User_U0006,u0006@email.com,Hyderabad,2022-11-13,REJECTED
U0007,User_U0007,u0007@email.com,Mumbai,2022-11-30,REJECTED
U0008,User_U0008,u0008@email.com,Pune,2022-10-12,REJECTED
U0009,User_U0009,u0009@email.com,Mumbai,2022-10-07,REJECTED
U0010,User_U0010,u0010@email.com,Bangalore,2020-07-18,PENDING
U0011,User_U0011,u0011@email.com,Jaipur,2022-12-15,VERIFIED
U0012,User_U0012,u0012@email.com,Ranchi,2021-09-17,PENDING
U0013,User_U0013,u0013@email.com,Pune,2022-08-27,REJECTED
U0014,User_U0014,u0014@email.com,Hyderabad,2021-12-05,REJECTED
U0015,User_U0015,u0015@email.com,Hyderabad,2022-12-31,REJECTED
U0016,User_U0016,u0016@email.com,Mumbai,2022-02-23,REJECTED
U0017,User_U0017,u0017@email.com,Pune,2021-10-16,REJECTED
U0018,User_U0018,u0018@email.com,Chennai,2020-03-03,REJECTED
U0019,User_U0019,u0019@email.com,Kolkata,2022-02-26,VERIFIED
U0020,User_U0020,u0020@email.com,Ahmedabad,2021-10-19,REJECTED
U0021,User_U0021,u0021@email.com,Bangalore,2021-12-01,PENDING
U0022,User_U0022,u0022@email.com,Bangalore,2021-10-08,PENDING
U0023,User_U0023,u0023@email.com,Ranchi,2021-02-13,VERIFIED
U0024,User_U0024,u0024@email.com,Kolkata,2021-10-27,REJECTED
U0025,User_U0025,u0025@email.com,Hyderabad,2022-08-02,PENDING
U0026,User_U0026,u0026@email.com,Chennai,2021-02-13,VERIFIED
U0027,User_U0027,u0027@email.com,Kolkata,2020-05-06,REJECTED
U0028,User_U0028,u0028@email.com,Mumbai,2021-11-23,VERIFIED
U0029,User_U0029,u0029@email.com,Delhi,2022-12-17,PENDING
U0030,User_U0030,u0030@email.com,Jaipur,2020-08-14,VERIFIED
U0031,User_U0031,u0031@email.com,Ranchi,2021-05-27,REJECTED
U0032,User_U0032,u0032@email.com,Chennai,2020-08-12,VERIFIED
U0033,User_U0033,u0033@email.com,Chennai,2020-08-18,VERIFIED
U0034,User_U0034,u0034@email.com,Chennai,2022-05-03,VERIFIED
U0035,User_U0035,u0035@email.com,Hyderabad,2020-07-23,PENDING
U0036,User_U0036,u0036@email.com,Ranchi,2020-05-28,REJECTED
U0037,User_U0037,u0037@email.com,Kolkata,2022-02-05,VERIFIED
U0038,User_U0038,u0038@email.com,Jaipur,2020-12-17,VERIFIED
U0039,User_U0039,u0039@email.com,Chennai,2020-04-19,PENDING
U0040,User_U0040,u0040@email.com,Chennai,2020-12-27,REJECTED
U0041,User_U0041,u0041@email.com,Hyderabad,2021-05-03,PENDING
U0042,User_U0042,u0042@email.com,Delhi,2021-01-26,REJECTED
U0043,User_U0043,u0043@email.com,Ranchi,2022-07-22,PENDING
U0044,User_U0044,u0044@email.com,Kolkata,2021-05-30,PENDING
U0045,User_U0045,u0045@email.com,Bangalore,2022-05-01,VERIFIED
U0046,User_U0046,u0046@email.com,Pune,2021-10-07,VERIFIED
U0047,User_U0047,u0047@email.com,Mumbai,2022-04-18,VERIFIED
U0048,User_U0048,u0048@email.com,Ranchi,2021-06-12,VERIFIED
U0049,User_U0049,u0049@email.com,Hyderabad,2020-04-20,REJECTED
U0050,User_U0050,u0050@email.com,Chennai,2021-04-26,PENDING
U0051,User_U0051,u0051@email.com,Pune,2021-01-25,VERIFIED
U0052,User_U0052,u0052@email.com,Jaipur,2022-01-01,REJECTED
U0053,User_U0053,u0053@email.com,Hyderabad,2020-01-06,REJECTED
U0054,User_U0054,u0054@email.com,Chennai,2021-09-10,REJECTED
U0055,User_U0055,u0055@email.com,Jaipur,2022-04-25,VERIFIED
U0056,User_U0056,u0056@email.com,Ranchi,2020-12-15,VERIFIED
U0057,User_U0057,u0057@email.com,Bangalore,2021-04-19,PENDING
U0058,User_U0058,u0058@email.com,Bangalore,2020-10-22,REJECTED
U0059,User_U0059,u0059@email.com,Pune,2020-05-11,PENDING
U0060,User_U0060,u0060@email.com,Kolkata,2021-04-28,PENDING
U0061,User_U0061,u0061@email.com,Hyderabad,2022-03-29,REJECTED
U0062,User_U0062,u0062@email.com,Pune,2020-10-21,VERIFIED
U0063,User_U0063,u0063@email.com,Kolkata,2021-09-23,VERIFIED
U0064,User_U0064,u0064@email.com,Chennai,2021-10-12,VERIFIED
U0065,User_U0065,u0065@email.com,Chennai,2022-08-13,VERIFIED
U0066,User_U0066,u0066@email.com,Hyderabad,2021-03-12,PENDING
U0067,User_U0067,u0067@email.com,Bangalore,2021-12-13,VERIFIED
U0068,User_U0068,u0068@email.com,Pune,2021-08-27,REJECTED
U0069,User_U0069,u0069@email.com,Pune,2021-07-13,REJECTED
U0070,User_U0070,u0070@email.com,Mumbai,2020-11-09,REJECTED
U0071,User_U0071,u0071@email.com,Chennai,2020-10-06,VERIFIED
U0072,User_U0072,u0072@email.com,Jaipur,2021-03-05,VERIFIED
U0073,User_U0073,u0073@email.com,Pune,2021-07-23,VERIFIED
U0074,User_U0074,u0074@email.com,Mumbai,2022-11-08,REJECTED
U0075,User_U0075,u0075@email.com,Ahmedabad,2020-09-19,VERIFIED
U0076,User_U0076,u0076@email.com,Mumbai,2021-10-14,REJECTED
U0077,User_U0077,u0077@email.com,Ranchi,2020-03-01,PENDING
U0078,User_U0078,u0078@email.com,Pune,2021-04-18,VERIFIED
U0079,User_U0079,u0079@email.com,Bangalore,2022-11-26,PENDING
U0080,User_U0080,u0080@email.com,Jaipur,2020-12-22,VERIFIED
U0081,User_U0081,u0081@email.com,Delhi,2020-11-25,REJECTED
U0082,User_U0082,u0082@email.com,Pune,2020-10-15,PENDING
U0083,User_U0083,u0083@email.com,Bangalore,2022-03-02,VERIFIED
U0084,User_U0084,u0084@email.com,Hyderabad,2022-10-04,VERIFIED
U0085,User_U0085,u0085@email.com,Kolkata,2020-04-01,VERIFIED
U0086,User_U0086,u0086@email.com,Delhi,2020-02-11,VERIFIED
U0087,User_U0087,u0087@email.com,Pune,2022-09-29,REJECTED
U0088,User_U0088,u0088@email.com,Pune,2022-01-17,REJECTED
U0089,User_U0089,u0089@email.com,Jaipur,2020-01-30,REJECTED
U0090,User_U0090,u0090@email.com,Chennai,2022-01-17,REJECTED
U0091,User_U0091,u0091@email.com,Bangalore,2022-06-19,PENDING
U0092,User_U0092,u0092@email.com,Chennai,2020-07-13,PENDING
U0093,User_U0093,u0093@email.com,Pune,2020-03-26,REJECTED
U0094,User_U0094,u0094@email.com,Kolkata,2022-01-27,PENDING
U0095,User_U0095,u0095@email.com,Chennai,2021-06-21,PENDING
U0096,User_U0096,u0096@email.com,Hyderabad,2021-10-29,REJECTED
U0097,User_U0097,u0097@email.com,Ahmedabad,2022-03-03,PENDING
U0098,User_U0098,u0098@email.com,Ahmedabad,2021-04-06,PENDING
U0099,User_U0099,u0099@email.com,Ranchi,2022-05-08,REJECTED
U0100,User_U0100,u0100@email.com,Ahmedabad,2020-07-19,PENDING
U0101,User_U0101,u0101@email.com,Pune,2020-11-23,PENDING
U0102,User_U0102,u0102@email.com,Bangalore,2020-10-15,REJECTED
U0103,User_U0103,u0103@email.com,Ranchi,2020-12-08,REJECTED
U0104,User_U0104,u0104@email.com,Ahmedabad,2021-05-11,REJECTED
U0105,User_U0105,u0105@email.com,Mumbai,2020-01-06,PENDING
U0106,User_U0106,u0106@email.com,Chennai,2021-08-23,PENDING
U0107,User_U0107,u0107@email.com,Kolkata,2020-07-16,REJECTED
U0108,User_U0108,u0108@email.com,Chennai,2020-07-15,PENDING
U0109,User_U0109,u0109@email.com,Jaipur,2021-01-29,VERIFIED
U0110,User_U0110,u0110@email.com,Mumbai,2022-05-27,REJECTED
U0111,User_U0111,u0111@email.com,Mumbai,2020-06-28,VERIFIED
U0112,User_U0112,u0112@email.com,Bangalore,2022-08-07,PENDING
U0113,User_U0113,u0113@email.com,Chennai,2022-01-21,PENDING
U0114,User_U0114,u0114@email.com,Delhi,2020-01-03,VERIFIED
U0115,User_U0115,u0115@email.com,Ranchi,2022-05-03,VERIFIED
U0116,User_U0116,u0116@email.com,Ranchi,2020-10-31,PENDING
U0117,User_U0117,u0117@email.com,Bangalore,2020-03-31,REJECTED
U0118,User_U0118,u0118@email.com,Ranchi,2020-06-18,PENDING
U0119,User_U0119,u0119@email.com,Jaipur,2022-08-07,REJECTED
U0120,User_U0120,u0120@email.com,Chennai,2022-06-01,PENDING
U0121,User_U0121,u0121@email.com,Mumbai,2022-01-22,REJECTED
U0122,User_U0122,u0122@email.com,Kolkata,2021-09-17,VERIFIED
U0123,User_U0123,u0123@email.com,Delhi,2022-06-27,VERIFIED
U0124,User_U0124,u0124@email.com,Pune,2020-02-14,VERIFIED
U0125,User_U0125,u0125@email.com,Chennai,2020-06-01,PENDING
U0126,User_U0126,u0126@email.com,Mumbai,2022-03-17,PENDING
U0127,User_U0127,u0127@email.com,Pune,2020-12-28,VERIFIED
U0128,User_U0128,u0128@email.com,Delhi,2020-03-14,VERIFIED
U0129,User_U0129,u0129@email.com,Kolkata,2022-11-10,VERIFIED
U0130,User_U0130,u0130@email.com,Bangalore,2021-02-20,VERIFIED
U0131,User_U0131,u0131@email.com,Chennai,2021-12-03,VERIFIED
U0132,User_U0132,u0132@email.com,Kolkata,2020-01-19,PENDING
U0133,User_U0133,u0133@email.com,Bangalore,2022-01-20,VERIFIED
U0134,User_U0134,u0134@email.com,Mumbai,2021-11-11,PENDING
U0135,User_U0135,u0135@email.com,Hyderabad,2020-08-20,PENDING
U0136,User_U0136,u0136@email.com,Jaipur,2021-07-10,REJECTED
U0137,User_U0137,u0137@email.com,Ahmedabad,2020-08-14,PENDING
U0138,User_U0138,u0138@email.com,Chennai,2021-02-28,VERIFIED
U0139,User_U0139,u0139@email.com,Ahmedabad,2020-08-16,VERIFIED
U0140,User_U0140,u0140@email.com,Jaipur,2021-12-02,VERIFIED
U0141,User_U0141,u0141@email.com,Bangalore,2020-02-03,REJECTED
U0142,User_U0142,u0142@email.com,Pune,2022-10-31,VERIFIED
U0143,User_U0143,u0143@email.com,Delhi,2022-12-06,VERIFIED
U0144,User_U0144,u0144@email.com,Jaipur,2022-02-01,REJECTED
U0145,User_U0145,u0145@email.com,Hyderabad,2021-06-14,VERIFIED
U0146,User_U0146,u0146@email.com,Pune,2021-03-13,VERIFIED
U0147,User_U0147,u0147@email.com,Kolkata,2021-03-18,VERIFIED
U0148,User_U0148,u0148@email.com,Kolkata,2021-09-07,REJECTED
U0149,User_U0149,u0149@email.com,Bangalore,2022-04-17,VERIFIED
U0150,User_U0150,u0150@email.com,Pune,2022-04-29,VERIFIED
U0151,User_U0151,u0151@email.com,Pune,2022-07-12,VERIFIED
U0152,User_U0152,u0152@email.com,Delhi,2020-05-24,REJECTED
U0153,User_U0153,u0153@email.com,Chennai,2020-09-15,VERIFIED
U0154,User_U0154,u0154@email.com,Chennai,2020-10-20,PENDING
U0155,User_U0155,u0155@email.com,Kolkata,2020-08-05,VERIFIED
U0156,User_U0156,u0156@email.com,Hyderabad,2020-11-19,VERIFIED
U0157,User_U0157,u0157@email.com,Hyderabad,2021-12-01,PENDING
U0158,User_U0158,u0158@email.com,Hyderabad,2020-08-29,REJECTED
U0159,User_U0159,u0159@email.com,Kolkata,2022-07-08,REJECTED
U0160,User_U0160,u0160@email.com,Ahmedabad,2020-01-08,REJECTED
U0161,User_U0161,u0161@email.com,Mumbai,2021-06-28,VERIFIED
U0162,User_U0162,u0162@email.com,Ranchi,2021-04-13,REJECTED
U0163,User_U0163,u0163@email.com,Mumbai,2021-08-20,VERIFIED
U0164,User_U0164,u0164@email.com,Bangalore,2022-10-31,PENDING
U0165,User_U0165,u0165@email.com,Ahmedabad,2021-02-04,REJECTED
U0166,User_U0166,u0166@email.com,Pune,2020-03-28,PENDING
U0167,User_U0167,u0167@email.com,Kolkata,2021-06-23,REJECTED
U0168,User_U0168,u0168@email.com,Pune,2020-12-20,PENDING
U0169,User_U0169,u0169@email.com,Delhi,2020-03-30,VERIFIED
U0170,User_U0170,u0170@email.com,Delhi,2022-10-12,PENDING
U0171,User_U0171,u0171@email.com,Chennai,2022-04-18,VERIFIED
U0172,User_U0172,u0172@email.com,Mumbai,2022-06-15,REJECTED
U0173,User_U0173,u0173@email.com,Ranchi,2020-02-11,VERIFIED
U0174,User_U0174,u0174@email.com,Pune,2022-02-21,REJECTED
U0175,User_U0175,u0175@email.com,Jaipur,2022-12-19,PENDING
U0176,User_U0176,u0176@email.com,Bangalore,2022-08-20,VERIFIED
U0177,User_U0177,u0177@email.com,Ahmedabad,2021-10-06,PENDING
U0178,User_U0178,u0178@email.com,Delhi,2022-09-20,VERIFIED
U0179,User_U0179,u0179@email.com,Mumbai,2021-02-28,VERIFIED
U0180,User_U0180,u0180@email.com,Pune,2020-04-07,PENDING
U0181,User_U0181,u0181@email.com,Jaipur,2021-03-08,REJECTED
U0182,User_U0182,u0182@email.com,Kolkata,2022-01-07,REJECTED
U0183,User_U0183,u0183@email.com,Pune,2021-01-08,PENDING
U0184,User_U0184,u0184@email.com,Kolkata,2022-01-19,REJECTED
U0185,User_U0185,u0185@email.com,Ranchi,2020-11-26,REJECTED
U0186,User_U0186,u0186@email.com,Pune,2022-04-08,VERIFIED
U0187,User_U0187,u0187@email.com,Bangalore,2022-03-15,VERIFIED
U0188,User_U0188,u0188@email.com,Delhi,2022-06-15,PENDING
U0189,User_U0189,u0189@email.com,Kolkata,2020-04-25,PENDING
U0190,User_U0190,u0190@email.com,Bangalore,2021-03-28,REJECTED
U0191,User_U0191,u0191@email.com,Pune,2021-10-21,VERIFIED
U0192,User_U0192,u0192@email.com,Chennai,2021-01-09,REJECTED
U0193,User_U0193,u0193@email.com,Ranchi,2021-11-02,VERIFIED
U0194,User_U0194,u0194@email.com,Mumbai,2022-04-26,REJECTED
U0195,User_U0195,u0195@email.com,Chennai,2020-03-23,VERIFIED
U0196,User_U0196,u0196@email.com,Kolkata,2022-10-01,VERIFIED
U0197,User_U0197,u0197@email.com,Ahmedabad,2020-04-06,PENDING
U0198,User_U0198,u0198@email.com,Delhi,2020-02-01,PENDING
U0199,User_U0199,u0199@email.com,Ranchi,2020-10-21,REJECTED
U0200,User_U0200,u0200@email.com,Mumbai,2020-11-04,PENDING
U0201,User_U0201,u0201@email.com,Jaipur,2021-11-04,VERIFIED
U0202,User_U0202,u0202@email.com,Bangalore,2021-07-14,PENDING
U0203,User_U0203,u0203@email.com,Hyderabad,2020-06-09,VERIFIED
U0204,User_U0204,u0204@email.com,Ahmedabad,2020-12-14,REJECTED
U0205,User_U0205,u0205@email.com,Ranchi,2020-11-12,REJECTED
U0206,User_U0206,u0206@email.com,Hyderabad,2020-08-11,PENDING
U0207,User_U0207,u0207@email.com,Ranchi,2021-01-02,PENDING
U0208,User_U0208,u0208@email.com,Jaipur,2021-01-16,VERIFIED
U0209,User_U0209,u0209@email.com,Pune,2020-08-14,REJECTED
U0210,User_U0210,u0210@email.com,Bangalore,2022-04-18,VERIFIED
U0211,User_U0211,u0211@email.com,Mumbai,2020-06-27,REJECTED
U0212,User_U0212,u0212@email.com,Ahmedabad,2021-11-15,PENDING
U0213,User_U0213,u0213@email.com,Bangalore,2022-09-10,VERIFIED
U0214,User_U0214,u0214@email.com,Ranchi,2022-10-17,REJECTED
U0215,User_U0215,u0215@email.com,Jaipur,2022-06-23,REJECTED
U0216,User_U0216,u0216@email.com,Delhi,2020-03-05,PENDING
U0217,User_U0217,u0217@email.com,Hyderabad,2022-02-24,REJECTED
U0218,User_U0218,u0218@email.com,Ahmedabad,2020-09-08,REJECTED
U0219,User_U0219,u0219@email.com,Bangalore,2021-04-23,VERIFIED
U0220,User_U0220,u0220@email.com,Mumbai,2020-11-01,REJECTED
U0221,User_U0221,u0221@email.com,Hyderabad,2020-07-31,PENDING
U0222,User_U0222,u0222@email.com,Ranchi,2020-08-14,PENDING
U0223,User_U0223,u0223@email.com,Kolkata,2020-01-28,REJECTED
U0224,User_U0224,u0224@email.com,Jaipur,2020-11-23,VERIFIED
U0225,User_U0225,u0225@email.com,Ranchi,2020-07-12,PENDING
U0226,User_U0226,u0226@email.com,Chennai,2022-11-05,REJECTED
U0227,User_U0227,u0227@email.com,Bangalore,2021-04-02,VERIFIED
U0228,User_U0228,u0228@email.com,Jaipur,2020-08-30,VERIFIED
U0229,User_U0229,u0229@email.com,Ahmedabad,2021-07-07,VERIFIED
U0230,User_U0230,u0230@email.com,Mumbai,2021-06-10,PENDING
U0231,User_U0231,u0231@email.com,Kolkata,2021-08-10,PENDING
U0232,User_U0232,u0232@email.com,Delhi,2020-08-18,REJECTED
U0233,User_U0233,u0233@email.com,Jaipur,2020-02-06,REJECTED
U0234,User_U0234,u0234@email.com,Mumbai,2022-08-12,VERIFIED
U0235,User_U0235,u0235@email.com,Ahmedabad,2021-11-17,REJECTED
U0236,User_U0236,u0236@email.com,Delhi,2020-12-24,REJECTED
U0237,User_U0237,u0237@email.com,Ahmedabad,2021-07-14,REJECTED
U0238,User_U0238,u0238@email.com,Kolkata,2020-11-25,REJECTED
U0239,User_U0239,u0239@email.com,Chennai,2021-07-25,VERIFIED
U0240,User_U0240,u0240@email.com,Ranchi,2022-04-07,VERIFIED
U0241,User_U0241,u0241@email.com,Ahmedabad,2020-10-05,VERIFIED
U0242,User_U0242,u0242@email.com,Ahmedabad,2022-01-28,PENDING
U0243,User_U0243,u0243@email.com,Ahmedabad,2020-05-28,REJECTED
U0244,User_U0244,u0244@email.com,Ahmedabad,2022-12-28,REJECTED
U0245,User_U0245,u0245@email.com,Ahmedabad,2021-09-30,REJECTED
U0246,User_U0246,u0246@email.com,Jaipur,2022-09-30,VERIFIED
U0247,User_U0247,u0247@email.com,Kolkata,2020-12-17,VERIFIED
U0248,User_U0248,u0248@email.com,Delhi,2022-06-17,VERIFIED
U0249,User_U0249,u0249@email.com,Delhi,2022-04-04,PENDING
U0250,User_U0250,u0250@email.com,Mumbai,2022-01-02,PENDING
U0251,User_U0251,u0251@email.com,Ahmedabad,2021-12-05,PENDING
U0252,User_U0252,u0252@email.com,Hyderabad,2020-05-22,VERIFIED
U0253,User_U0253,u0253@email.com,Bangalore,2021-08-24,REJECTED
U0254,User_U0254,u0254@email.com,Delhi,2022-04-25,PENDING
U0255,User_U0255,u0255@email.com,Hyderabad,2020-12-09,PENDING
U0256,User_U0256,u0256@email.com,Pune,2022-10-01,VERIFIED
U0257,User_U0257,u0257@email.com,Ranchi,2020-02-19,PENDING
U0258,User_U0258,u0258@email.com,Ranchi,2021-02-19,PENDING
U0259,User_U0259,u0259@email.com,Chennai,2021-05-24,REJECTED
U0260,User_U0260,u0260@email.com,Ranchi,2022-09-22,PENDING
U0261,User_U0261,u0261@email.com,Ahmedabad,2022-02-17,REJECTED
U0262,User_U0262,u0262@email.com,Hyderabad,2020-08-26,PENDING
U0263,User_U0263,u0263@email.com,Pune,2022-07-03,VERIFIED
U0264,User_U0264,u0264@email.com,Hyderabad,2021-12-25,REJECTED
U0265,User_U0265,u0265@email.com,Bangalore,2022-10-14,REJECTED
U0266,User_U0266,u0266@email.com,Chennai,2021-04-18,REJECTED
U0267,User_U0267,u0267@email.com,Chennai,2020-09-03,REJECTED
U0268,User_U0268,u0268@email.com,Chennai,2021-03-11,REJECTED
U0269,User_U0269,u0269@email.com,Chennai,2020-12-15,REJECTED
U0270,User_U0270,u0270@email.com,Bangalore,2020-11-20,REJECTED
U0271,User_U0271,u0271@email.com,Ranchi,2020-03-10,PENDING
U0272,User_U0272,u0272@email.com,Kolkata,2020-03-08,REJECTED
U0273,User_U0273,u0273@email.com,Pune,2021-02-20,REJECTED
U0274,User_U0274,u0274@email.com,Mumbai,2022-01-18,REJECTED
U0275,User_U0275,u0275@email.com,Mumbai,2020-02-11,VERIFIED
U0276,User_U0276,u0276@email.com,Chennai,2022-05-15,REJECTED
U0277,User_U0277,u0277@email.com,Ranchi,2022-03-04,PENDING
U0278,User_U0278,u0278@email.com,Ranchi,2021-10-26,REJECTED
U0279,User_U0279,u0279@email.com,Delhi,2022-10-01,VERIFIED
U0280,User_U0280,u0280@email.com,Ahmedabad,2020-08-08,PENDING
U0281,User_U0281,u0281@email.com,Kolkata,2022-06-17,PENDING
U0282,User_U0282,u0282@email.com,Chennai,2021-03-21,VERIFIED
U0283,User_U0283,u0283@email.com,Mumbai,2020-12-23,PENDING
U0284,User_U0284,u0284@email.com,Ranchi,2020-10-07,VERIFIED
U0285,User_U0285,u0285@email.com,Bangalore,2020-03-22,REJECTED
U0286,User_U0286,u0286@email.com,Kolkata,2021-08-27,PENDING
U0287,User_U0287,u0287@email.com,Ranchi,2022-10-31,REJECTED
U0288,User_U0288,u0288@email.com,Chennai,2020-03-08,PENDING
U0289,User_U0289,u0289@email.com,Ahmedabad,2020-02-01,REJECTED
U0290,User_U0290,u0290@email.com,Kolkata,2022-02-26,VERIFIED
U0291,User_U0291,u0291@email.com,Ranchi,2022-10-08,VERIFIED
U0292,User_U0292,u0292@email.com,Ahmedabad,2021-02-13,VERIFIED
U0293,User_U0293,u0293@email.com,Ahmedabad,2021-01-30,PENDING
U0294,User_U0294,u0294@email.com,Delhi,2021-09-27,VERIFIED
U0295,User_U0295,u0295@email.com,Jaipur,2021-06-10,PENDING
U0296,User_U0296,u0296@email.com,Jaipur,2022-05-13,VERIFIED
U0297,User_U0297,u0297@email.com,Ahmedabad,2020-08-25,VERIFIED
U0298,User_U0298,u0298@email.com,Hyderabad,2022-05-08,VERIFIED
U0299,User_U0299,u0299@email.com,Kolkata,2022-05-12,PENDING
U0300,User_U0300,u0300@email.com,Delhi,2022-07-28,PENDING
U0301,User_U0301,u0301@email.com,Chennai,2021-06-07,VERIFIED
U0302,User_U0302,u0302@email.com,Ranchi,2022-11-19,VERIFIED
U0303,User_U0303,u0303@email.com,Ranchi,2022-12-15,VERIFIED
U0304,User_U0304,u0304@email.com,Ranchi,2021-06-16,VERIFIED
U0305,User_U0305,u0305@email.com,Pune,2021-08-04,VERIFIED
U0306,User_U0306,u0306@email.com,Jaipur,2021-05-18,REJECTED
U0307,User_U0307,u0307@email.com,Kolkata,2021-12-31,REJECTED
U0308,User_U0308,u0308@email.com,Mumbai,2021-04-27,REJECTED
U0309,User_U0309,u0309@email.com,Kolkata,2022-09-07,VERIFIED
U0310,User_U0310,u0310@email.com,Kolkata,2020-09-27,REJECTED
U0311,User_U0311,u0311@email.com,Mumbai,2021-12-22,VERIFIED
U0312,User_U0312,u0312@email.com,Jaipur,2021-11-13,REJECTED
U0313,User_U0313,u0313@email.com,Chennai,2022-10-08,VERIFIED
U0314,User_U0314,u0314@email.com,Ahmedabad,2022-06-01,VERIFIED
U0315,User_U0315,u0315@email.com,Hyderabad,2021-04-25,PENDING
U0316,User_U0316,u0316@email.com,Hyderabad,2022-12-29,REJECTED
U0317,User_U0317,u0317@email.com,Hyderabad,2020-04-30,REJECTED
U0318,User_U0318,u0318@email.com,Delhi,2022-01-11,REJECTED
U0319,User_U0319,u0319@email.com,Hyderabad,2020-03-08,VERIFIED
U0320,User_U0320,u0320@email.com,Pune,2021-10-22,REJECTED
U0321,User_U0321,u0321@email.com,Pune,2022-03-12,PENDING
U0322,User_U0322,u0322@email.com,Ahmedabad,2020-07-10,REJECTED
U0323,User_U0323,u0323@email.com,Chennai,2020-02-04,VERIFIED
U0324,User_U0324,u0324@email.com,Ranchi,2022-06-19,REJECTED
U0325,User_U0325,u0325@email.com,Ahmedabad,2021-03-10,VERIFIED
U0326,User_U0326,u0326@email.com,Hyderabad,2020-12-06,PENDING
U0327,User_U0327,u0327@email.com,Delhi,2021-01-06,REJECTED
U0328,User_U0328,u0328@email.com,Mumbai,2021-10-06,REJECTED
U0329,User_U0329,u0329@email.com,Ahmedabad,2020-09-20,PENDING
U0330,User_U0330,u0330@email.com,Mumbai,2022-01-08,VERIFIED
U0331,User_U0331,u0331@email.com,Ranchi,2020-01-16,PENDING
U0332,User_U0332,u0332@email.com,Ahmedabad,2021-02-11,VERIFIED
U0333,User_U0333,u0333@email.com,Pune,2022-05-23,VERIFIED
U0334,User_U0334,u0334@email.com,Chennai,2020-08-03,VERIFIED
U0335,User_U0335,u0335@email.com,Hyderabad,2020-12-23,VERIFIED
U0336,User_U0336,u0336@email.com,Bangalore,2021-06-07,REJECTED
U0337,User_U0337,u0337@email.com,Kolkata,2022-05-19,REJECTED
U0338,User_U0338,u0338@email.com,Ranchi,2021-04-09,VERIFIED
U0339,User_U0339,u0339@email.com,Pune,2021-05-02,PENDING
U0340,User_U0340,u0340@email.com,Ranchi,2020-05-30,PENDING
U0341,User_U0341,u0341@email.com,Delhi,2022-09-12,REJECTED
U0342,User_U0342,u0342@email.com,Mumbai,2022-10-01,VERIFIED
U0343,User_U0343,u0343@email.com,Mumbai,2022-08-30,REJECTED
U0344,User_U0344,u0344@email.com,Ahmedabad,2020-08-02,PENDING
U0345,User_U0345,u0345@email.com,Pune,2020-07-19,PENDING
U0346,User_U0346,u0346@email.com,Jaipur,2020-10-17,PENDING
U0347,User_U0347,u0347@email.com,Chennai,2021-08-08,REJECTED
U0348,User_U0348,u0348@email.com,Mumbai,2021-09-03,REJECTED
U0349,User_U0349,u0349@email.com,Jaipur,2022-09-28,PENDING
U0350,User_U0350,u0350@email.com,Ahmedabad,2021-05-11,REJECTED
U0351,User_U0351,u0351@email.com,Bangalore,2020-11-09,VERIFIED
U0352,User_U0352,u0352@email.com,Bangalore,2022-04-11,VERIFIED
U0353,User_U0353,u0353@email.com,Pune,2021-02-27,REJECTED
U0354,User_U0354,u0354@email.com,Ahmedabad,2021-10-02,VERIFIED
U0355,User_U0355,u0355@email.com,Hyderabad,2020-11-25,REJECTED
U0356,User_U0356,u0356@email.com,Mumbai,2022-04-30,PENDING
U0357,User_U0357,u0357@email.com,Ahmedabad,2020-03-22,PENDING
U0358,User_U0358,u0358@email.com,Pune,2020-03-03,PENDING
U0359,User_U0359,u0359@email.com,Ahmedabad,2020-07-04,VERIFIED
U0360,User_U0360,u0360@email.com,Hyderabad,2020-05-16,REJECTED
U0361,User_U0361,u0361@email.com,Pune,2020-09-16,VERIFIED
U0362,User_U0362,u0362@email.com,Bangalore,2021-08-13,PENDING
U0363,User_U0363,u0363@email.com,Delhi,2021-12-11,REJECTED
U0364,User_U0364,u0364@email.com,Ahmedabad,2020-05-27,PENDING
U0365,User_U0365,u0365@email.com,Ahmedabad,2020-01-22,PENDING
U0366,User_U0366,u0366@email.com,Chennai,2021-03-03,PENDING
U0367,User_U0367,u0367@email.com,Ahmedabad,2020-10-13,PENDING
U0368,User_U0368,u0368@email.com,Bangalore,2021-07-07,VERIFIED
U0369,User_U0369,u0369@email.com,Ranchi,2020-10-03,PENDING
U0370,User_U0370,u0370@email.com,Jaipur,2022-01-26,PENDING
U0371,User_U0371,u0371@email.com,Chennai,2022-12-07,VERIFIED
U0372,User_U0372,u0372@email.com,Pune,2022-01-05,PENDING
U0373,User_U0373,u0373@email.com,Ranchi,2022-10-25,PENDING
U0374,User_U0374,u0374@email.com,Delhi,2022-03-27,REJECTED
U0375,User_U0375,u0375@email.com,Kolkata,2020-07-11,REJECTED
U0376,User_U0376,u0376@email.com,Delhi,2022-04-30,REJECTED
U0377,User_U0377,u0377@email.com,Ahmedabad,2020-10-21,REJECTED
U0378,User_U0378,u0378@email.com,Chennai,2020-05-17,VERIFIED
U0379,User_U0379,u0379@email.com,Mumbai,2021-06-21,REJECTED
U0380,User_U0380,u0380@email.com,Mumbai,2022-07-11,PENDING
U0381,User_U0381,u0381@email.com,Hyderabad,2021-03-24,VERIFIED
U0382,User_U0382,u0382@email.com,Mumbai,2022-07-19,PENDING
U0383,User_U0383,u0383@email.com,Hyderabad,2021-12-13,REJECTED
U0384,User_U0384,u0384@email.com,Pune,2021-11-07,REJECTED
U0385,User_U0385,u0385@email.com,Mumbai,2021-09-29,PENDING
U0386,User_U0386,u0386@email.com,Pune,2021-01-10,REJECTED
U0387,User_U0387,u0387@email.com,Hyderabad,2020-08-20,PENDING
U0388,User_U0388,u0388@email.com,Mumbai,2021-05-05,REJECTED
U0389,User_U0389,u0389@email.com,Delhi,2022-06-05,VERIFIED
U0390,User_U0390,u0390@email.com,Jaipur,2020-11-21,REJECTED
U0391,User_U0391,u0391@email.com,Delhi,2022-03-01,PENDING
U0392,User_U0392,u0392@email.com,Ranchi,2022-07-16,VERIFIED
U0393,User_U0393,u0393@email.com,Pune,2022-11-25,REJECTED
U0394,User_U0394,u0394@email.com,Chennai,2022-11-11,VERIFIED
U0395,User_U0395,u0395@email.com,Bangalore,2021-09-23,PENDING
U0396,User_U0396,u0396@email.com,Mumbai,2020-02-11,VERIFIED
U0397,User_U0397,u0397@email.com,Delhi,2020-02-03,VERIFIED
U0398,User_U0398,u0398@email.com,Hyderabad,2022-04-12,VERIFIED
U0399,User_U0399,u0399@email.com,Delhi,2020-01-17,VERIFIED
U0400,User_U0400,u0400@email.com,Bangalore,2020-08-24,VERIFIED
U0401,User_U0401,u0401@email.com,Mumbai,2022-04-10,VERIFIED
U0402,User_U0402,u0402@email.com,Bangalore,2020-09-18,VERIFIED
U0403,User_U0403,u0403@email.com,Delhi,2022-12-22,REJECTED
U0404,User_U0404,u0404@email.com,Jaipur,2021-06-03,VERIFIED
U0405,User_U0405,u0405@email.com,Hyderabad,2022-03-22,VERIFIED
U0406,User_U0406,u0406@email.com,Pune,2020-06-27,PENDING
U0407,User_U0407,u0407@email.com,Jaipur,2020-08-17,REJECTED
U0408,User_U0408,u0408@email.com,Hyderabad,2021-04-21,PENDING
U0409,User_U0409,u0409@email.com,Kolkata,2021-11-12,REJECTED
U0410,User_U0410,u0410@email.com,Kolkata,2022-12-12,PENDING
U0411,User_U0411,u0411@email.com,Hyderabad,2021-09-13,PENDING
U0412,User_U0412,u0412@email.com,Chennai,2021-08-09,VERIFIED
U0413,User_U0413,u0413@email.com,Ahmedabad,2022-01-30,VERIFIED
U0414,User_U0414,u0414@email.com,Bangalore,2021-03-05,VERIFIED
U0415,User_U0415,u0415@email.com,Mumbai,2021-09-22,VERIFIED
U0416,User_U0416,u0416@email.com,Mumbai,2022-06-01,VERIFIED
U0417,User_U0417,u0417@email.com,Delhi,2022-04-05,REJECTED
U0418,User_U0418,u0418@email.com,Jaipur,2020-02-11,REJECTED
U0419,User_U0419,u0419@email.com,Chennai,2022-10-02,VERIFIED
U0420,User_U0420,u0420@email.com,Jaipur,2021-05-10,PENDING
U0421,User_U0421,u0421@email.com,Mumbai,2022-08-21,REJECTED
U0422,User_U0422,u0422@email.com,Hyderabad,2022-09-29,VERIFIED
U0423,User_U0423,u0423@email.com,Ahmedabad,2020-05-27,PENDING
U0424,User_U0424,u0424@email.com,Delhi,2022-09-27,PENDING
U0425,User_U0425,u0425@email.com,Ahmedabad,2020-06-28,VERIFIED
U0426,User_U0426,u0426@email.com,Chennai,2020-07-08,VERIFIED
U0427,User_U0427,u0427@email.com,Mumbai,2022-02-16,PENDING
U0428,User_U0428,u0428@email.com,Ahmedabad,2021-10-22,VERIFIED
U0429,User_U0429,u0429@email.com,Bangalore,2020-05-04,VERIFIED
U0430,User_U0430,u0430@email.com,Ahmedabad,2021-12-21,REJECTED
U0431,User_U0431,u0431@email.com,Hyderabad,2020-10-05,VERIFIED
U0432,User_U0432,u0432@email.com,Pune,2020-04-02,REJECTED
U0433,User_U0433,u0433@email.com,Ranchi,2022-09-01,PENDING
U0434,User_U0434,u0434@email.com,Hyderabad,2022-09-03,REJECTED
U0435,User_U0435,u0435@email.com,Delhi,2022-12-01,PENDING
U0436,User_U0436,u0436@email.com,Hyderabad,2022-03-13,PENDING
U0437,User_U0437,u0437@email.com,Delhi,2020-05-14,REJECTED
U0438,User_U0438,u0438@email.com,Delhi,2021-05-21,PENDING
U0439,User_U0439,u0439@email.com,Kolkata,2022-01-24,VERIFIED
U0440,User_U0440,u0440@email.com,Ahmedabad,2022-12-12,VERIFIED
U0441,User_U0441,u0441@email.com,Mumbai,2020-04-27,REJECTED
U0442,User_U0442,u0442@email.com,Bangalore,2021-02-14,REJECTED
U0443,User_U0443,u0443@email.com,Delhi,2020-04-20,VERIFIED
U0444,User_U0444,u0444@email.com,Hyderabad,2020-02-20,VERIFIED
U0445,User_U0445,u0445@email.com,Chennai,2020-08-03,VERIFIED
U0446,User_U0446,u0446@email.com,Pune,2021-12-12,PENDING
U0447,User_U0447,u0447@email.com,Jaipur,2021-06-04,PENDING
U0448,User_U0448,u0448@email.com,Bangalore,2020-10-08,PENDING
U0449,User_U0449,u0449@email.com,Bangalore,2021-03-09,VERIFIED
U0450,User_U0450,u0450@email.com,Kolkata,2021-11-05,PENDING
U0451,User_U0451,u0451@email.com,Mumbai,2022-07-02,VERIFIED
U0452,User_U0452,u0452@email.com,Chennai,2022-05-15,VERIFIED
U0453,User_U0453,u0453@email.com,Ahmedabad,2022-04-24,REJECTED
U0454,User_U0454,u0454@email.com,Hyderabad,2022-08-16,REJECTED
U0455,User_U0455,u0455@email.com,Pune,2020-09-10,REJECTED
U0456,User_U0456,u0456@email.com,Kolkata,2022-08-01,PENDING
U0457,User_U0457,u0457@email.com,Mumbai,2021-01-24,PENDING
U0458,User_U0458,u0458@email.com,Chennai,2020-06-01,REJECTED
U0459,User_U0459,u0459@email.com,Delhi,2021-05-13,PENDING
U0460,User_U0460,u0460@email.com,Ahmedabad,2022-11-29,REJECTED
U0461,User_U0461,u0461@email.com,Chennai,2020-01-06,REJECTED
U0462,User_U0462,u0462@email.com,Kolkata,2022-01-18,PENDING
U0463,User_U0463,u0463@email.com,Pune,2021-05-08,VERIFIED
U0464,User_U0464,u0464@email.com,Ranchi,2021-12-01,PENDING
U0465,User_U0465,u0465@email.com,Kolkata,2020-09-26,PENDING
U0466,User_U0466,u0466@email.com,Bangalore,2020-01-21,PENDING
U0467,User_U0467,u0467@email.com,Delhi,2022-06-07,VERIFIED
U0468,User_U0468,u0468@email.com,Ranchi,2021-03-27,PENDING
U0469,User_U0469,u0469@email.com,Ranchi,2020-07-24,VERIFIED
U0470,User_U0470,u0470@email.com,Delhi,2021-06-23,VERIFIED
U0471,User_U0471,u0471@email.com,Ahmedabad,2022-03-18,VERIFIED
U0472,User_U0472,u0472@email.com,Jaipur,2021-07-16,REJECTED
U0473,User_U0473,u0473@email.com,Kolkata,2021-02-08,PENDING
U0474,User_U0474,u0474@email.com,Jaipur,2022-09-12,REJECTED
U0475,User_U0475,u0475@email.com,Bangalore,2022-10-18,PENDING
U0476,User_U0476,u0476@email.com,Bangalore,2021-11-13,VERIFIED
U0477,User_U0477,u0477@email.com,Delhi,2021-09-23,REJECTED
U0478,User_U0478,u0478@email.com,Ahmedabad,2022-04-09,VERIFIED
U0479,User_U0479,u0479@email.com,Ranchi,2021-03-26,PENDING
U0480,User_U0480,u0480@email.com,Bangalore,2022-07-23,REJECTED
U0481,User_U0481,u0481@email.com,Hyderabad,2020-03-16,PENDING
U0482,User_U0482,u0482@email.com,Jaipur,2022-05-10,REJECTED
U0483,User_U0483,u0483@email.com,Kolkata,2020-07-12,PENDING
U0484,User_U0484,u0484@email.com,Delhi,2022-07-18,REJECTED
U0485,User_U0485,u0485@email.com,Ahmedabad,2020-02-23,VERIFIED
U0486,User_U0486,u0486@email.com,Pune,2020-10-13,PENDING
U0487,User_U0487,u0487@email.com,Mumbai,2022-10-02,VERIFIED
U0488,User_U0488,u0488@email.com,Hyderabad,2022-08-10,PENDING
U0489,User_U0489,u0489@email.com,Hyderabad,2021-05-27,VERIFIED
U0490,User_U0490,u0490@email.com,Delhi,2021-02-25,VERIFIED
U0491,User_U0491,u0491@email.com,Mumbai,2020-04-21,REJECTED
U0492,User_U0492,u0492@email.com,Hyderabad,2022-04-11,PENDING
U0493,User_U0493,u0493@email.com,Bangalore,2020-01-18,VERIFIED
U0494,User_U0494,u0494@email.com,Ranchi,2021-12-15,REJECTED
U0495,User_U0495,u0495@email.com,Kolkata,2021-07-19,PENDING
U0496,User_U0496,u0496@email.com,Ahmedabad,2020-10-25,VERIFIED
U0497,User_U0497,u0497@email.com,Kolkata,2020-10-02,REJECTED
U0498,User_U0498,u0498@email.com,Ahmedabad,2021-08-18,VERIFIED
U0499,User_U0499,u0499@email.com,Mumbai,2021-03-13,PENDING
U0500,User_U0500,u0500@email.com,Mumbai,2022-04-11,REJECTED
U0501,User_U0501,u0501@email.com,Jaipur,2022-01-17,REJECTED
U0502,User_U0502,u0502@email.com,Ranchi,2020-08-15,PENDING
U0503,User_U0503,u0503@email.com,Hyderabad,2022-08-22,VERIFIED
U0504,User_U0504,u0504@email.com,Hyderabad,2020-08-17,REJECTED
U0505,User_U0505,u0505@email.com,Hyderabad,2020-10-02,PENDING
U0506,User_U0506,u0506@email.com,Chennai,2020-02-24,VERIFIED
U0507,User_U0507,u0507@email.com,Bangalore,2022-07-08,PENDING
U0508,User_U0508,u0508@email.com,Jaipur,2020-04-10,VERIFIED
U0509,User_U0509,u0509@email.com,Chennai,2022-01-24,PENDING
U0510,User_U0510,u0510@email.com,Delhi,2022-10-21,PENDING
U0511,User_U0511,u0511@email.com,Bangalore,2020-05-09,PENDING
U0512,User_U0512,u0512@email.com,Ahmedabad,2020-05-02,PENDING
U0513,User_U0513,u0513@email.com,Ranchi,2022-10-21,VERIFIED
U0514,User_U0514,u0514@email.com,Bangalore,2021-02-10,REJECTED
U0515,User_U0515,u0515@email.com,Delhi,2021-10-06,REJECTED
U0516,User_U0516,u0516@email.com,Bangalore,2022-08-24,VERIFIED
U0517,User_U0517,u0517@email.com,Chennai,2020-11-01,REJECTED
U0518,User_U0518,u0518@email.com,Ahmedabad,2022-08-27,VERIFIED
U0519,User_U0519,u0519@email.com,Hyderabad,2020-03-09,REJECTED
U0520,User_U0520,u0520@email.com,Ranchi,2020-12-12,PENDING
U0521,User_U0521,u0521@email.com,Ahmedabad,2021-02-04,VERIFIED
U0522,User_U0522,u0522@email.com,Jaipur,2022-09-22,PENDING
U0523,User_U0523,u0523@email.com,Ranchi,2021-12-01,PENDING
U0524,User_U0524,u0524@email.com,Pune,2020-08-10,REJECTED
U0525,User_U0525,u0525@email.com,Mumbai,2021-01-31,VERIFIED
U0526,User_U0526,u0526@email.com,Kolkata,2021-03-19,REJECTED
U0527,User_U0527,u0527@email.com,Chennai,2020-09-10,REJECTED
U0528,User_U0528,u0528@email.com,Ahmedabad,2022-04-27,REJECTED
U0529,User_U0529,u0529@email.com,Hyderabad,2021-04-24,REJECTED
U0530,User_U0530,u0530@email.com,Ranchi,2021-05-12,PENDING
U0531,User_U0531,u0531@email.com,Bangalore,2020-09-12,PENDING
U0532,User_U0532,u0532@email.com,Delhi,2021-04-04,PENDING
U0533,User_U0533,u0533@email.com,Hyderabad,2022-04-28,REJECTED
U0534,User_U0534,u0534@email.com,Ahmedabad,2021-11-13,VERIFIED
U0535,User_U0535,u0535@email.com,Hyderabad,2020-08-01,PENDING
U0536,User_U0536,u0536@email.com,Ahmedabad,2022-12-25,VERIFIED
U0537,User_U0537,u0537@email.com,Pune,2022-03-15,REJECTED
U0538,User_U0538,u0538@email.com,Ahmedabad,2021-11-20,PENDING
U0539,User_U0539,u0539@email.com,Jaipur,2020-10-16,PENDING
U0540,User_U0540,u0540@email.com,Delhi,2022-06-19,PENDING
U0541,User_U0541,u0541@email.com,Ahmedabad,2020-12-11,REJECTED
U0542,User_U0542,u0542@email.com,Chennai,2021-05-13,PENDING
U0543,User_U0543,u0543@email.com,Ahmedabad,2020-09-16,PENDING
U0544,User_U0544,u0544@email.com,Ahmedabad,2020-05-04,PENDING
U0545,User_U0545,u0545@email.com,Chennai,2021-04-18,REJECTED
U0546,User_U0546,u0546@email.com,Hyderabad,2021-04-05,REJECTED
U0547,User_U0547,u0547@email.com,Bangalore,2021-08-26,PENDING
U0548,User_U0548,u0548@email.com,Hyderabad,2020-03-22,VERIFIED
U0549,User_U0549,u0549@email.com,Delhi,2020-08-05,VERIFIED
U0550,User_U0550,u0550@email.com,Pune,2020-03-31,PENDING
U0551,User_U0551,u0551@email.com,Ahmedabad,2020-05-02,REJECTED
U0552,User_U0552,u0552@email.com,Mumbai,2022-07-30,VERIFIED
U0553,User_U0553,u0553@email.com,Jaipur,2022-09-13,VERIFIED
U0554,User_U0554,u0554@email.com,Delhi,2021-01-28,REJECTED
U0555,User_U0555,u0555@email.com,Mumbai,2020-07-15,PENDING
U0556,User_U0556,u0556@email.com,Mumbai,2022-11-07,VERIFIED
U0557,User_U0557,u0557@email.com,Delhi,2020-06-10,PENDING
U0558,User_U0558,u0558@email.com,Hyderabad,2021-09-20,REJECTED
U0559,User_U0559,u0559@email.com,Kolkata,2020-06-27,REJECTED
U0560,User_U0560,u0560@email.com,Ahmedabad,2022-05-27,PENDING
U0561,User_U0561,u0561@email.com,Chennai,2020-10-12,VERIFIED
U0562,User_U0562,u0562@email.com,Mumbai,2022-02-15,PENDING
U0563,User_U0563,u0563@email.com,Ahmedabad,2021-11-13,VERIFIED
U0564,User_U0564,u0564@email.com,Ranchi,2022-08-23,VERIFIED
U0565,User_U0565,u0565@email.com,Chennai,2021-09-09,REJECTED
U0566,User_U0566,u0566@email.com,Mumbai,2022-09-17,REJECTED
U0567,User_U0567,u0567@email.com,Kolkata,2021-12-13,VERIFIED
U0568,User_U0568,u0568@email.com,Jaipur,2021-08-20,REJECTED
U0569,User_U0569,u0569@email.com,Pune,2020-03-22,REJECTED
U0570,User_U0570,u0570@email.com,Delhi,2020-01-26,REJECTED
U0571,User_U0571,u0571@email.com,Delhi,2022-04-21,PENDING
U0572,User_U0572,u0572@email.com,Ahmedabad,2020-09-15,PENDING
U0573,User_U0573,u0573@email.com,Ahmedabad,2020-06-21,VERIFIED
U0574,User_U0574,u0574@email.com,Ahmedabad,2022-10-10,PENDING
U0575,User_U0575,u0575@email.com,Ranchi,2020-12-31,VERIFIED
U0576,User_U0576,u0576@email.com,Pune,2020-07-02,VERIFIED
U0577,User_U0577,u0577@email.com,Pune,2020-03-16,VERIFIED
U0578,User_U0578,u0578@email.com,Kolkata,2022-06-21,VERIFIED
U0579,User_U0579,u0579@email.com,Hyderabad,2022-10-24,REJECTED
U0580,User_U0580,u0580@email.com,Mumbai,2022-04-23,PENDING
U0581,User_U0581,u0581@email.com,Jaipur,2020-02-09,PENDING
U0582,User_U0582,u0582@email.com,Kolkata,2022-03-29,PENDING
U0583,User_U0583,u0583@email.com,Bangalore,2021-09-26,VERIFIED
U0584,User_U0584,u0584@email.com,Kolkata,2022-03-14,REJECTED
U0585,User_U0585,u0585@email.com,Ranchi,2022-03-20,PENDING
U0586,User_U0586,u0586@email.com,Mumbai,2020-03-29,VERIFIED
U0587,User_U0587,u0587@email.com,Pune,2020-07-08,REJECTED
U0588,User_U0588,u0588@email.com,Kolkata,2022-06-05,PENDING
U0589,User_U0589,u0589@email.com,Kolkata,2020-04-28,REJECTED
U0590,User_U0590,u0590@email.com,Mumbai,2020-07-19,PENDING
U0591,User_U0591,u0591@email.com,Kolkata,2020-09-14,VERIFIED
U0592,User_U0592,u0592@email.com,Chennai,2022-06-25,VERIFIED
U0593,User_U0593,u0593@email.com,Pune,2020-01-28,REJECTED
U0594,User_U0594,u0594@email.com,Mumbai,2022-10-13,REJECTED
U0595,User_U0595,u0595@email.com,Hyderabad,2022-04-11,PENDING
U0596,User_U0596,u0596@email.com,Kolkata,2022-03-13,PENDING
U0597,User_U0597,u0597@email.com,Delhi,2021-09-15,PENDING
U0598,User_U0598,u0598@email.com,Chennai,2022-02-02,PENDING
U0599,User_U0599,u0599@email.com,Chennai,2022-12-06,REJECTED
U0600,User_U0600,u0600@email.com,Bangalore,2021-02-15,REJECTED
U0601,User_U0601,u0601@email.com,Kolkata,2020-06-12,PENDING
U0602,User_U0602,u0602@email.com,Bangalore,2020-10-05,VERIFIED
U0603,User_U0603,u0603@email.com,Chennai,2022-11-12,PENDING
U0604,User_U0604,u0604@email.com,Ranchi,2021-10-23,REJECTED
U0605,User_U0605,u0605@email.com,Kolkata,2022-11-16,VERIFIED
U0606,User_U0606,u0606@email.com,Chennai,2022-02-03,VERIFIED
U0607,User_U0607,u0607@email.com,Hyderabad,2021-10-20,PENDING
U0608,User_U0608,u0608@email.com,Bangalore,2021-05-14,PENDING
U0609,User_U0609,u0609@email.com,Ranchi,2021-04-20,REJECTED
U0610,User_U0610,u0610@email.com,Jaipur,2020-10-24,PENDING
U0611,User_U0611,u0611@email.com,Ahmedabad,2020-07-15,PENDING
U0612,User_U0612,u0612@email.com,Pune,2021-04-21,VERIFIED
U0613,User_U0613,u0613@email.com,Ahmedabad,2021-09-06,VERIFIED
U0614,User_U0614,u0614@email.com,Ahmedabad,2021-05-13,REJECTED
U0615,User_U0615,u0615@email.com,Ahmedabad,2021-05-22,VERIFIED
U0616,User_U0616,u0616@email.com,Hyderabad,2020-09-14,PENDING
U0617,User_U0617,u0617@email.com,Kolkata,2021-11-09,REJECTED
U0618,User_U0618,u0618@email.com,Hyderabad,2022-12-31,VERIFIED
U0619,User_U0619,u0619@email.com,Chennai,2022-12-21,PENDING
U0620,User_U0620,u0620@email.com,Hyderabad,2021-06-12,PENDING
U0621,User_U0621,u0621@email.com,Chennai,2020-11-03,VERIFIED
U0622,User_U0622,u0622@email.com,Chennai,2022-10-14,PENDING
U0623,User_U0623,u0623@email.com,Delhi,2022-05-31,VERIFIED
U0624,User_U0624,u0624@email.com,Jaipur,2021-05-14,PENDING
U0625,User_U0625,u0625@email.com,Chennai,2022-04-15,PENDING
U0626,User_U0626,u0626@email.com,Pune,2020-04-18,VERIFIED
U0627,User_U0627,u0627@email.com,Hyderabad,2021-03-27,PENDING
U0628,User_U0628,u0628@email.com,Bangalore,2021-10-24,VERIFIED
U0629,User_U0629,u0629@email.com,Jaipur,2022-12-18,PENDING
U0630,User_U0630,u0630@email.com,Ahmedabad,2021-12-19,PENDING
U0631,User_U0631,u0631@email.com,Chennai,2021-10-06,PENDING
U0632,User_U0632,u0632@email.com,Hyderabad,2020-09-08,PENDING
U0633,User_U0633,u0633@email.com,Pune,2021-12-20,REJECTED
U0634,User_U0634,u0634@email.com,Ranchi,2020-07-20,VERIFIED
U0635,User_U0635,u0635@email.com,Bangalore,2021-04-08,VERIFIED
U0636,User_U0636,u0636@email.com,Pune,2021-09-06,REJECTED
U0637,User_U0637,u0637@email.com,Chennai,2022-09-28,REJECTED
U0638,User_U0638,u0638@email.com,Ahmedabad,2022-07-14,PENDING
U0639,User_U0639,u0639@email.com,Chennai,2021-05-29,REJECTED
U0640,User_U0640,u0640@email.com,Bangalore,2020-01-04,PENDING
U0641,User_U0641,u0641@email.com,Bangalore,2020-11-05,VERIFIED
U0642,User_U0642,u0642@email.com,Kolkata,2020-12-27,REJECTED
U0643,User_U0643,u0643@email.com,Delhi,2022-12-16,VERIFIED
U0644,User_U0644,u0644@email.com,Ranchi,2022-04-01,VERIFIED
U0645,User_U0645,u0645@email.com,Ahmedabad,2022-02-08,VERIFIED
U0646,User_U0646,u0646@email.com,Delhi,2021-02-01,PENDING
U0647,User_U0647,u0647@email.com,Ranchi,2022-05-12,VERIFIED
U0648,User_U0648,u0648@email.com,Pune,2021-01-27,REJECTED
U0649,User_U0649,u0649@email.com,Kolkata,2020-07-25,VERIFIED
U0650,User_U0650,u0650@email.com,Ranchi,2020-09-09,VERIFIED
U0651,User_U0651,u0651@email.com,Mumbai,2020-07-20,REJECTED
U0652,User_U0652,u0652@email.com,Bangalore,2020-07-19,REJECTED
U0653,User_U0653,u0653@email.com,Ahmedabad,2020-07-08,VERIFIED
U0654,User_U0654,u0654@email.com,Chennai,2020-08-07,VERIFIED
U0655,User_U0655,u0655@email.com,Ranchi,2021-11-07,PENDING
U0656,User_U0656,u0656@email.com,Kolkata,2021-10-04,PENDING
U0657,User_U0657,u0657@email.com,Pune,2020-12-20,REJECTED
U0658,User_U0658,u0658@email.com,Chennai,2022-06-04,PENDING
U0659,User_U0659,u0659@email.com,Bangalore,2020-06-06,PENDING
U0660,User_U0660,u0660@email.com,Jaipur,2021-01-03,REJECTED
U0661,User_U0661,u0661@email.com,Jaipur,2022-07-02,REJECTED
U0662,User_U0662,u0662@email.com,Delhi,2022-06-13,REJECTED
U0663,User_U0663,u0663@email.com,Pune,2022-12-26,REJECTED
U0664,User_U0664,u0664@email.com,Mumbai,2020-09-02,VERIFIED
U0665,User_U0665,u0665@email.com,Kolkata,2022-08-25,REJECTED
U0666,User_U0666,u0666@email.com,Hyderabad,2022-07-22,VERIFIED
U0667,User_U0667,u0667@email.com,Bangalore,2021-09-06,VERIFIED
U0668,User_U0668,u0668@email.com,Bangalore,2022-10-20,VERIFIED
U0669,User_U0669,u0669@email.com,Hyderabad,2021-02-17,PENDING
U0670,User_U0670,u0670@email.com,Ranchi,2022-11-27,VERIFIED
U0671,User_U0671,u0671@email.com,Jaipur,2021-04-16,VERIFIED
U0672,User_U0672,u0672@email.com,Hyderabad,2022-05-18,VERIFIED
U0673,User_U0673,u0673@email.com,Ahmedabad,2021-08-12,VERIFIED
U0674,User_U0674,u0674@email.com,Delhi,2022-10-09,PENDING
U0675,User_U0675,u0675@email.com,Hyderabad,2021-05-06,REJECTED
U0676,User_U0676,u0676@email.com,Ahmedabad,2020-11-15,PENDING
U0677,User_U0677,u0677@email.com,Pune,2020-05-21,VERIFIED
U0678,User_U0678,u0678@email.com,Bangalore,2022-08-27,VERIFIED
U0679,User_U0679,u0679@email.com,Mumbai,2020-02-16,VERIFIED
U0680,User_U0680,u0680@email.com,Delhi,2021-05-11,VERIFIED
U0681,User_U0681,u0681@email.com,Ranchi,2022-09-24,PENDING
U0682,User_U0682,u0682@email.com,Hyderabad,2021-01-23,REJECTED
U0683,User_U0683,u0683@email.com,Chennai,2021-04-09,PENDING
U0684,User_U0684,u0684@email.com,Pune,2022-06-26,PENDING
U0685,User_U0685,u0685@email.com,Hyderabad,2021-12-18,REJECTED
U0686,User_U0686,u0686@email.com,Jaipur,2022-07-04,REJECTED
U0687,User_U0687,u0687@email.com,Delhi,2022-02-03,REJECTED
U0688,User_U0688,u0688@email.com,Bangalore,2020-05-16,PENDING
U0689,User_U0689,u0689@email.com,Bangalore,2022-04-25,PENDING
U0690,User_U0690,u0690@email.com,Kolkata,2020-08-14,VERIFIED
U0691,User_U0691,u0691@email.com,Delhi,2020-07-13,PENDING
U0692,User_U0692,u0692@email.com,Chennai,2020-03-06,PENDING
U0693,User_U0693,u0693@email.com,Ahmedabad,2021-02-28,PENDING
U0694,User_U0694,u0694@email.com,Ahmedabad,2021-08-20,VERIFIED
U0695,User_U0695,u0695@email.com,Hyderabad,2020-10-02,PENDING
U0696,User_U0696,u0696@email.com,Ranchi,2020-02-02,PENDING
U0697,User_U0697,u0697@email.com,Mumbai,2020-10-06,VERIFIED
U0698,User_U0698,u0698@email.com,Mumbai,2021-09-08,VERIFIED
U0699,User_U0699,u0699@email.com,Hyderabad,2022-04-07,REJECTED
U0700,User_U0700,u0700@email.com,Ranchi,2021-02-24,VERIFIED
U0701,User_U0701,u0701@email.com,Chennai,2022-06-11,REJECTED
U0702,User_U0702,u0702@email.com,Ahmedabad,2020-11-23,PENDING
U0703,User_U0703,u0703@email.com,Delhi,2022-08-07,REJECTED
U0704,User_U0704,u0704@email.com,Ranchi,2020-12-13,VERIFIED
U0705,User_U0705,u0705@email.com,Pune,2021-08-27,VERIFIED
U0706,User_U0706,u0706@email.com,Kolkata,2022-11-26,PENDING
U0707,User_U0707,u0707@email.com,Mumbai,2022-11-03,VERIFIED
U0708,User_U0708,u0708@email.com,Pune,2021-01-08,REJECTED
U0709,User_U0709,u0709@email.com,Chennai,2021-10-11,REJECTED
U0710,User_U0710,u0710@email.com,Ranchi,2020-07-28,REJECTED
U0711,User_U0711,u0711@email.com,Ranchi,2021-12-07,REJECTED
U0712,User_U0712,u0712@email.com,Ranchi,2021-11-28,PENDING
U0713,User_U0713,u0713@email.com,Bangalore,2022-12-23,VERIFIED
U0714,User_U0714,u0714@email.com,Ahmedabad,2022-01-18,PENDING
U0715,User_U0715,u0715@email.com,Ahmedabad,2022-03-21,REJECTED
U0716,User_U0716,u0716@email.com,Pune,2022-01-10,PENDING
U0717,User_U0717,u0717@email.com,Hyderabad,2022-04-23,PENDING
U0718,User_U0718,u0718@email.com,Kolkata,2020-09-21,REJECTED
U0719,User_U0719,u0719@email.com,Delhi,2022-06-16,VERIFIED
U0720,User_U0720,u0720@email.com,Ahmedabad,2020-07-17,PENDING
U0721,User_U0721,u0721@email.com,Ahmedabad,2021-05-20,VERIFIED
U0722,User_U0722,u0722@email.com,Ahmedabad,2020-04-15,PENDING
U0723,User_U0723,u0723@email.com,Jaipur,2021-08-11,REJECTED
U0724,User_U0724,u0724@email.com,Jaipur,2022-10-29,REJECTED
U0725,User_U0725,u0725@email.com,Bangalore,2020-10-13,PENDING
U0726,User_U0726,u0726@email.com,Pune,2020-11-16,REJECTED
U0727,User_U0727,u0727@email.com,Mumbai,2022-11-18,REJECTED
U0728,User_U0728,u0728@email.com,Hyderabad,2020-03-05,VERIFIED
U0729,User_U0729,u0729@email.com,Pune,2020-07-31,VERIFIED
U0730,User_U0730,u0730@email.com,Jaipur,2021-04-05,PENDING
U0731,User_U0731,u0731@email.com,Chennai,2022-09-03,VERIFIED
U0732,User_U0732,u0732@email.com,Mumbai,2022-06-04,REJECTED
U0733,User_U0733,u0733@email.com,Chennai,2021-09-04,REJECTED
U0734,User_U0734,u0734@email.com,Ahmedabad,2022-03-14,REJECTED
U0735,User_U0735,u0735@email.com,Pune,2022-01-07,PENDING
U0736,User_U0736,u0736@email.com,Delhi,2020-05-04,REJECTED
U0737,User_U0737,u0737@email.com,Jaipur,2021-09-26,VERIFIED
U0738,User_U0738,u0738@email.com,Ranchi,2020-07-05,REJECTED
U0739,User_U0739,u0739@email.com,Jaipur,2020-05-05,PENDING
U0740,User_U0740,u0740@email.com,Delhi,2021-05-08,PENDING
U0741,User_U0741,u0741@email.com,Hyderabad,2022-10-22,REJECTED
U0742,User_U0742,u0742@email.com,Pune,2022-08-19,VERIFIED
U0743,User_U0743,u0743@email.com,Hyderabad,2020-07-16,VERIFIED
U0744,User_U0744,u0744@email.com,Delhi,2020-08-25,REJECTED
U0745,User_U0745,u0745@email.com,Hyderabad,2022-11-14,REJECTED
U0746,User_U0746,u0746@email.com,Hyderabad,2020-01-06,VERIFIED
U0747,User_U0747,u0747@email.com,Ranchi,2022-09-01,VERIFIED
U0748,User_U0748,u0748@email.com,Bangalore,2020-04-24,REJECTED
U0749,User_U0749,u0749@email.com,Bangalore,2022-01-18,PENDING
U0750,User_U0750,u0750@email.com,Mumbai,2020-12-09,VERIFIED
U0751,User_U0751,u0751@email.com,Delhi,2020-04-05,PENDING
U0752,User_U0752,u0752@email.com,Ahmedabad,2022-10-21,REJECTED
U0753,User_U0753,u0753@email.com,Hyderabad,2022-09-12,REJECTED
U0754,User_U0754,u0754@email.com,Bangalore,2021-03-17,VERIFIED
U0755,User_U0755,u0755@email.com,Pune,2022-10-08,PENDING
U0756,User_U0756,u0756@email.com,Kolkata,2020-11-25,PENDING
U0757,User_U0757,u0757@email.com,Jaipur,2020-06-10,VERIFIED
U0758,User_U0758,u0758@email.com,Bangalore,2021-04-16,VERIFIED
U0759,User_U0759,u0759@email.com,Mumbai,2022-03-09,REJECTED
U0760,User_U0760,u0760@email.com,Chennai,2022-07-01,VERIFIED
U0761,User_U0761,u0761@email.com,Kolkata,2022-06-13,VERIFIED
U0762,User_U0762,u0762@email.com,Ahmedabad,2021-07-24,VERIFIED
U0763,User_U0763,u0763@email.com,Bangalore,2022-05-25,REJECTED
U0764,User_U0764,u0764@email.com,Bangalore,2021-12-06,PENDING
U0765,User_U0765,u0765@email.com,Delhi,2022-07-08,PENDING
U0766,User_U0766,u0766@email.com,Bangalore,2020-12-29,VERIFIED
U0767,User_U0767,u0767@email.com,Ahmedabad,2021-12-20,PENDING
U0768,User_U0768,u0768@email.com,Hyderabad,2022-05-17,VERIFIED
U0769,User_U0769,u0769@email.com,Jaipur,2021-02-15,PENDING
U0770,User_U0770,u0770@email.com,Chennai,2020-11-07,REJECTED
U0771,User_U0771,u0771@email.com,Chennai,2020-05-03,VERIFIED
U0772,User_U0772,u0772@email.com,Ranchi,2021-06-19,REJECTED
U0773,User_U0773,u0773@email.com,Ahmedabad,2020-08-22,VERIFIED
U0774,User_U0774,u0774@email.com,Chennai,2020-12-26,PENDING
U0775,User_U0775,u0775@email.com,Delhi,2021-06-05,PENDING
U0776,User_U0776,u0776@email.com,Ranchi,2020-08-18,REJECTED
U0777,User_U0777,u0777@email.com,Bangalore,2021-01-08,VERIFIED
U0778,User_U0778,u0778@email.com,Mumbai,2022-06-21,VERIFIED
U0779,User_U0779,u0779@email.com,Pune,2022-09-29,REJECTED
U0780,User_U0780,u0780@email.com,Ahmedabad,2021-08-29,REJECTED
U0781,User_U0781,u0781@email.com,Mumbai,2022-12-07,VERIFIED
U0782,User_U0782,u0782@email.com,Chennai,2021-12-29,REJECTED
U0783,User_U0783,u0783@email.com,Mumbai,2022-06-17,PENDING
U0784,User_U0784,u0784@email.com,Chennai,2020-06-25,REJECTED
U0785,User_U0785,u0785@email.com,Hyderabad,2021-04-14,REJECTED
U0786,User_U0786,u0786@email.com,Delhi,2021-09-16,PENDING
U0787,User_U0787,u0787@email.com,Mumbai,2021-01-28,VERIFIED
U0788,User_U0788,u0788@email.com,Bangalore,2022-02-08,VERIFIED
U0789,User_U0789,u0789@email.com,Pune,2022-07-04,PENDING
U0790,User_U0790,u0790@email.com,Hyderabad,2022-04-27,REJECTED
U0791,User_U0791,u0791@email.com,Kolkata,2022-12-06,VERIFIED
U0792,User_U0792,u0792@email.com,Chennai,2020-12-21,VERIFIED
U0793,User_U0793,u0793@email.com,Kolkata,2022-05-22,REJECTED
U0794,User_U0794,u0794@email.com,Delhi,2020-11-30,PENDING
U0795,User_U0795,u0795@email.com,Delhi,2020-08-16,VERIFIED
U0796,User_U0796,u0796@email.com,Ranchi,2020-11-25,PENDING
U0797,User_U0797,u0797@email.com,Hyderabad,2021-02-08,PENDING
U0798,User_U0798,u0798@email.com,Mumbai,2020-05-26,REJECTED
U0799,User_U0799,u0799@email.com,Jaipur,2022-03-27,REJECTED
U0800,User_U0800,u0800@email.com,Ahmedabad,2020-11-10,REJECTED
U0801,User_U0801,u0801@email.com,Kolkata,2021-07-30,PENDING
U0802,User_U0802,u0802@email.com,Hyderabad,2021-02-01,VERIFIED
U0803,User_U0803,u0803@email.com,Ranchi,2022-07-21,REJECTED
U0804,User_U0804,u0804@email.com,Hyderabad,2022-01-18,REJECTED
U0805,User_U0805,u0805@email.com,Chennai,2022-06-16,VERIFIED
U0806,User_U0806,u0806@email.com,Jaipur,2020-06-21,REJECTED
U0807,User_U0807,u0807@email.com,Chennai,2020-12-26,REJECTED
U0808,User_U0808,u0808@email.com,Ahmedabad,2020-11-19,REJECTED
U0809,User_U0809,u0809@email.com,Pune,2020-03-08,VERIFIED
U0810,User_U0810,u0810@email.com,Delhi,2020-08-31,VERIFIED
U0811,User_U0811,u0811@email.com,Pune,2020-10-02,VERIFIED
U0812,User_U0812,u0812@email.com,Mumbai,2022-08-07,VERIFIED
U0813,User_U0813,u0813@email.com,Delhi,2020-04-06,PENDING
U0814,User_U0814,u0814@email.com,Hyderabad,2022-05-16,VERIFIED
U0815,User_U0815,u0815@email.com,Hyderabad,2021-11-21,VERIFIED
U0816,User_U0816,u0816@email.com,Ahmedabad,2021-09-11,VERIFIED
U0817,User_U0817,u0817@email.com,Delhi,2020-05-26,PENDING
U0818,User_U0818,u0818@email.com,Mumbai,2020-11-05,PENDING
U0819,User_U0819,u0819@email.com,Hyderabad,2022-11-30,REJECTED
U0820,User_U0820,u0820@email.com,Jaipur,2022-12-30,REJECTED
U0821,User_U0821,u0821@email.com,Delhi,2021-04-29,VERIFIED
U0822,User_U0822,u0822@email.com,Jaipur,2022-08-19,REJECTED
U0823,User_U0823,u0823@email.com,Hyderabad,2020-02-16,PENDING
U0824,User_U0824,u0824@email.com,Hyderabad,2022-07-24,VERIFIED
U0825,User_U0825,u0825@email.com,Bangalore,2021-01-03,VERIFIED
U0826,User_U0826,u0826@email.com,Pune,2021-12-03,VERIFIED
U0827,User_U0827,u0827@email.com,Mumbai,2021-03-24,VERIFIED
U0828,User_U0828,u0828@email.com,Pune,2020-06-25,VERIFIED
U0829,User_U0829,u0829@email.com,Mumbai,2022-06-03,PENDING
U0830,User_U0830,u0830@email.com,Chennai,2022-10-27,PENDING
U0831,User_U0831,u0831@email.com,Pune,2020-07-06,PENDING
U0832,User_U0832,u0832@email.com,Jaipur,2020-08-02,PENDING
U0833,User_U0833,u0833@email.com,Ahmedabad,2020-05-15,PENDING
U0834,User_U0834,u0834@email.com,Delhi,2021-04-05,REJECTED
U0835,User_U0835,u0835@email.com,Pune,2022-09-22,VERIFIED
U0836,User_U0836,u0836@email.com,Kolkata,2021-12-24,REJECTED
U0837,User_U0837,u0837@email.com,Delhi,2021-06-16,PENDING
U0838,User_U0838,u0838@email.com,Bangalore,2021-11-08,VERIFIED
U0839,User_U0839,u0839@email.com,Mumbai,2022-05-26,PENDING
U0840,User_U0840,u0840@email.com,Kolkata,2021-03-25,VERIFIED
U0841,User_U0841,u0841@email.com,Pune,2022-09-27,VERIFIED
U0842,User_U0842,u0842@email.com,Ahmedabad,2021-09-05,PENDING
U0843,User_U0843,u0843@email.com,Pune,2020-12-02,VERIFIED
U0844,User_U0844,u0844@email.com,Kolkata,2022-04-18,REJECTED
U0845,User_U0845,u0845@email.com,Chennai,2022-11-14,PENDING
U0846,User_U0846,u0846@email.com,Mumbai,2021-10-17,VERIFIED
U0847,User_U0847,u0847@email.com,Kolkata,2022-01-06,REJECTED
U0848,User_U0848,u0848@email.com,Bangalore,2022-08-08,VERIFIED
U0849,User_U0849,u0849@email.com,Bangalore,2021-12-01,REJECTED
U0850,User_U0850,u0850@email.com,Ranchi,2020-03-20,PENDING
U0851,User_U0851,u0851@email.com,Jaipur,2022-07-15,VERIFIED
U0852,User_U0852,u0852@email.com,Jaipur,2022-05-04,PENDING
U0853,User_U0853,u0853@email.com,Jaipur,2020-06-05,REJECTED
U0854,User_U0854,u0854@email.com,Jaipur,2021-11-19,REJECTED
U0855,User_U0855,u0855@email.com,Mumbai,2020-03-04,VERIFIED
U0856,User_U0856,u0856@email.com,Pune,2021-02-05,PENDING
U0857,User_U0857,u0857@email.com,Pune,2020-04-03,VERIFIED
U0858,User_U0858,u0858@email.com,Chennai,2021-03-31,VERIFIED
U0859,User_U0859,u0859@email.com,Mumbai,2021-07-19,PENDING
U0860,User_U0860,u0860@email.com,Ranchi,2021-10-22,VERIFIED
U0861,User_U0861,u0861@email.com,Mumbai,2021-10-07,REJECTED
U0862,User_U0862,u0862@email.com,Pune,2022-05-11,VERIFIED
U0863,User_U0863,u0863@email.com,Delhi,2020-12-15,VERIFIED
U0864,User_U0864,u0864@email.com,Ahmedabad,2021-05-09,PENDING
U0865,User_U0865,u0865@email.com,Pune,2022-12-15,REJECTED
U0866,User_U0866,u0866@email.com,Kolkata,2022-10-22,PENDING
U0867,User_U0867,u0867@email.com,Delhi,2022-07-23,REJECTED
U0868,User_U0868,u0868@email.com,Kolkata,2022-12-31,REJECTED
U0869,User_U0869,u0869@email.com,Bangalore,2021-07-20,VERIFIED
U0870,User_U0870,u0870@email.com,Bangalore,2021-03-04,VERIFIED
U0871,User_U0871,u0871@email.com,Delhi,2021-03-04,REJECTED
U0872,User_U0872,u0872@email.com,Delhi,2022-05-11,REJECTED
U0873,User_U0873,u0873@email.com,Hyderabad,2022-05-23,REJECTED
U0874,User_U0874,u0874@email.com,Jaipur,2022-04-06,PENDING
U0875,User_U0875,u0875@email.com,Mumbai,2022-11-07,VERIFIED
U0876,User_U0876,u0876@email.com,Ahmedabad,2022-09-28,VERIFIED
U0877,User_U0877,u0877@email.com,Jaipur,2021-02-24,VERIFIED
U0878,User_U0878,u0878@email.com,Kolkata,2022-02-20,VERIFIED
U0879,User_U0879,u0879@email.com,Mumbai,2020-01-23,REJECTED
U0880,User_U0880,u0880@email.com,Bangalore,2022-12-23,PENDING
U0881,User_U0881,u0881@email.com,Jaipur,2021-05-07,PENDING
U0882,User_U0882,u0882@email.com,Kolkata,2020-01-02,PENDING
U0883,User_U0883,u0883@email.com,Mumbai,2020-12-31,VERIFIED
U0884,User_U0884,u0884@email.com,Ranchi,2020-12-14,VERIFIED
U0885,User_U0885,u0885@email.com,Ahmedabad,2022-01-13,PENDING
U0886,User_U0886,u0886@email.com,Hyderabad,2021-05-27,VERIFIED
U0887,User_U0887,u0887@email.com,Ahmedabad,2022-09-18,PENDING
U0888,User_U0888,u0888@email.com,Bangalore,2021-09-01,REJECTED
U0889,User_U0889,u0889@email.com,Chennai,2020-09-07,VERIFIED
U0890,User_U0890,u0890@email.com,Pune,2021-05-14,VERIFIED
U0891,User_U0891,u0891@email.com,Delhi,2022-04-27,PENDING
U0892,User_U0892,u0892@email.com,Ahmedabad,2021-04-19,VERIFIED
U0893,User_U0893,u0893@email.com,Pune,2020-07-28,VERIFIED
U0894,User_U0894,u0894@email.com,Mumbai,2020-12-14,PENDING
U0895,User_U0895,u0895@email.com,Jaipur,2021-12-29,VERIFIED
U0896,User_U0896,u0896@email.com,Jaipur,2022-02-26,PENDING
U0897,User_U0897,u0897@email.com,Kolkata,2020-08-11,VERIFIED
U0898,User_U0898,u0898@email.com,Delhi,2020-05-05,REJECTED
U0899,User_U0899,u0899@email.com,Pune,2021-08-11,PENDING
U0900,User_U0900,u0900@email.com,Ahmedabad,2021-07-21,REJECTED
U0901,User_U0901,u0901@email.com,Ranchi,2022-01-27,PENDING
U0902,User_U0902,u0902@email.com,Mumbai,2022-02-11,REJECTED
U0903,User_U0903,u0903@email.com,Bangalore,2021-01-01,REJECTED
U0904,User_U0904,u0904@email.com,Kolkata,2020-11-30,PENDING
U0905,User_U0905,u0905@email.com,Pune,2020-10-19,REJECTED
U0906,User_U0906,u0906@email.com,Hyderabad,2022-04-03,REJECTED
U0907,User_U0907,u0907@email.com,Bangalore,2020-02-21,VERIFIED
U0908,User_U0908,u0908@email.com,Delhi,2021-05-23,PENDING
U0909,User_U0909,u0909@email.com,Ranchi,2021-01-11,REJECTED
U0910,User_U0910,u0910@email.com,Chennai,2020-07-28,REJECTED
U0911,User_U0911,u0911@email.com,Jaipur,2020-07-26,REJECTED
U0912,User_U0912,u0912@email.com,Ahmedabad,2022-05-24,PENDING
U0913,User_U0913,u0913@email.com,Mumbai,2021-09-26,PENDING
U0914,User_U0914,u0914@email.com,Hyderabad,2021-02-15,VERIFIED
U0915,User_U0915,u0915@email.com,Hyderabad,2020-09-03,REJECTED
U0916,User_U0916,u0916@email.com,Kolkata,2022-04-19,REJECTED
U0917,User_U0917,u0917@email.com,Hyderabad,2020-04-24,REJECTED
U0918,User_U0918,u0918@email.com,Mumbai,2021-07-17,PENDING
U0919,User_U0919,u0919@email.com,Chennai,2020-06-20,VERIFIED
U0920,User_U0920,u0920@email.com,Bangalore,2020-09-25,VERIFIED
U0921,User_U0921,u0921@email.com,Bangalore,2020-09-25,PENDING
U0922,User_U0922,u0922@email.com,Chennai,2020-05-23,VERIFIED
U0923,User_U0923,u0923@email.com,Ahmedabad,2021-04-23,VERIFIED
U0924,User_U0924,u0924@email.com,Jaipur,2022-02-09,PENDING
U0925,User_U0925,u0925@email.com,Mumbai,2021-05-06,PENDING
U0926,User_U0926,u0926@email.com,Delhi,2020-12-29,VERIFIED
U0927,User_U0927,u0927@email.com,Mumbai,2022-04-05,PENDING
U0928,User_U0928,u0928@email.com,Hyderabad,2022-04-30,VERIFIED
U0929,User_U0929,u0929@email.com,Pune,2020-10-23,VERIFIED
U0930,User_U0930,u0930@email.com,Ranchi,2020-01-18,VERIFIED
U0931,User_U0931,u0931@email.com,Kolkata,2020-05-20,PENDING
U0932,User_U0932,u0932@email.com,Mumbai,2021-09-11,VERIFIED
U0933,User_U0933,u0933@email.com,Pune,2020-10-09,VERIFIED
U0934,User_U0934,u0934@email.com,Delhi,2022-10-07,VERIFIED
U0935,User_U0935,u0935@email.com,Delhi,2022-03-06,PENDING
U0936,User_U0936,u0936@email.com,Delhi,2022-10-06,REJECTED
U0937,User_U0937,u0937@email.com,Mumbai,2021-09-24,VERIFIED
U0938,User_U0938,u0938@email.com,Bangalore,2020-03-03,REJECTED
U0939,User_U0939,u0939@email.com,Mumbai,2021-06-12,REJECTED
U0940,User_U0940,u0940@email.com,Chennai,2022-04-06,VERIFIED
U0941,User_U0941,u0941@email.com,Mumbai,2022-05-19,REJECTED
U0942,User_U0942,u0942@email.com,Ranchi,2022-07-20,PENDING
U0943,User_U0943,u0943@email.com,Mumbai,2021-11-07,VERIFIED
U0944,User_U0944,u0944@email.com,Pune,2022-07-29,PENDING
U0945,User_U0945,u0945@email.com,Kolkata,2022-11-08,REJECTED
U0946,User_U0946,u0946@email.com,Ranchi,2021-10-14,VERIFIED
U0947,User_U0947,u0947@email.com,Bangalore,2022-06-09,REJECTED
U0948,User_U0948,u0948@email.com,Ranchi,2022-12-09,PENDING
U0949,User_U0949,u0949@email.com,Mumbai,2022-10-26,VERIFIED
U0950,User_U0950,u0950@email.com,Hyderabad,2021-10-25,REJECTED
U0951,User_U0951,u0951@email.com,Bangalore,2020-08-23,REJECTED
U0952,User_U0952,u0952@email.com,Jaipur,2020-05-01,VERIFIED
U0953,User_U0953,u0953@email.com,Delhi,2021-07-18,VERIFIED
U0954,User_U0954,u0954@email.com,Pune,2021-07-30,REJECTED
U0955,User_U0955,u0955@email.com,Jaipur,2020-05-25,REJECTED
U0956,User_U0956,u0956@email.com,Bangalore,2021-01-27,PENDING
U0957,User_U0957,u0957@email.com,Pune,2021-05-21,VERIFIED
U0958,User_U0958,u0958@email.com,Ranchi,2020-06-04,VERIFIED
U0959,User_U0959,u0959@email.com,Hyderabad,2020-12-06,VERIFIED
U0960,User_U0960,u0960@email.com,Bangalore,2022-09-22,VERIFIED
U0961,User_U0961,u0961@email.com,Bangalore,2022-06-05,PENDING
U0962,User_U0962,u0962@email.com,Jaipur,2020-11-09,VERIFIED
U0963,User_U0963,u0963@email.com,Delhi,2020-04-01,VERIFIED
U0964,User_U0964,u0964@email.com,Pune,2022-09-23,VERIFIED
U0965,User_U0965,u0965@email.com,Delhi,2021-03-23,PENDING
U0966,User_U0966,u0966@email.com,Pune,2020-07-20,PENDING
U0967,User_U0967,u0967@email.com,Kolkata,2020-04-26,REJECTED
U0968,User_U0968,u0968@email.com,Ahmedabad,2020-06-09,PENDING
U0969,User_U0969,u0969@email.com,Ahmedabad,2022-10-12,VERIFIED
U0970,User_U0970,u0970@email.com,Ranchi,2022-10-18,VERIFIED
U0971,User_U0971,u0971@email.com,Kolkata,2021-01-19,VERIFIED
U0972,User_U0972,u0972@email.com,Kolkata,2022-12-16,REJECTED
U0973,User_U0973,u0973@email.com,Bangalore,2022-03-02,VERIFIED
U0974,User_U0974,u0974@email.com,Pune,2022-10-25,VERIFIED
U0975,User_U0975,u0975@email.com,Ahmedabad,2020-09-29,REJECTED
U0976,User_U0976,u0976@email.com,Bangalore,2020-11-27,REJECTED
U0977,User_U0977,u0977@email.com,Pune,2020-03-11,REJECTED
U0978,User_U0978,u0978@email.com,Kolkata,2022-10-22,PENDING
U0979,User_U0979,u0979@email.com,Delhi,2022-06-22,REJECTED
U0980,User_U0980,u0980@email.com,Hyderabad,2020-12-31,PENDING
U0981,User_U0981,u0981@email.com,Delhi,2021-01-21,REJECTED
U0982,User_U0982,u0982@email.com,Pune,2021-11-28,VERIFIED
U0983,User_U0983,u0983@email.com,Jaipur,2022-06-27,VERIFIED
U0984,User_U0984,u0984@email.com,Delhi,2020-06-22,PENDING
U0985,User_U0985,u0985@email.com,Bangalore,2022-11-09,VERIFIED
U0986,User_U0986,u0986@email.com,Bangalore,2022-10-13,VERIFIED
U0987,User_U0987,u0987@email.com,Hyderabad,2022-03-10,REJECTED
U0988,User_U0988,u0988@email.com,Delhi,2021-02-22,REJECTED
U0989,User_U0989,u0989@email.com,Chennai,2022-07-11,VERIFIED
U0990,User_U0990,u0990@email.com,Chennai,2021-05-26,PENDING
U0991,User_U0991,u0991@email.com,Kolkata,2022-07-29,VERIFIED
U0992,User_U0992,u0992@email.com,Bangalore,2021-02-15,PENDING
U0993,User_U0993,u0993@email.com,Ahmedabad,2021-01-28,REJECTED
U0994,User_U0994,u0994@email.com,Bangalore,2020-09-28,VERIFIED
U0995,User_U0995,u0995@email.com,Pune,2022-08-17,VERIFIED
U0996,User_U0996,u0996@email.com,Pune,2021-09-24,VERIFIED
U0997,User_U0997,u0997@email.com,Delhi,2022-10-28,PENDING
U0998,User_U0998,u0998@email.com,Delhi,2022-02-16,VERIFIED
U0999,User_U0999,u0999@email.com,Jaipur,2020-12-04,REJECTED
U1000,User_U1000,u1000@email.com,Hyderabad,2020-09-05,VERIFIED
